Cluster,Coal,Per Capita,Total
0,5.0 -- 74.0,4.0 -- 4.0,"'0.0': 66% , '0.003664': 0% , '0.010992': 0% "
1,7559.0 -- 12956.0,4.0 -- 5.0,"'9528.555734': 2% , '31564.030692': 2% , '24213.260513': 2% "
2,0.0 -- 0.0,220.0 -- 412.0,"'0.663859': 5% , '0.729008': 5% , '1.653097': 5% "
3,0.0 -- 0.0,712.0 -- 806.0,"'1.149743': 25% , '1.2855': 25% , '1.554101': 25% "
4,2152.0 -- 4017.0,2.0 -- 4.0,"'1850.798084': 1% , '5616.430864': 1% , '6135.287208': 1% "
